fare_amount,pickup_longitude,pickup_latitude,dropoff_longitude,dropoff_latitude,passenger_count,Year,Month,Day of Week_num,Hour,counter,trip_distance_km
199977.0,199977.0,199977.0,199977.0,199977.0,199977.0,199977.0,199977.0,199977.0,199977.0,199977.0,199977.0
11.362585797366698,-72.52784377345387,39.93599504799963,-72.5262428402873,39.924409921380075,1.6844887162023632,2011.742300364542,6.282142446381334,3.048460572965891,13.491451516924446,1.0,20.77071713744365
9.89706299990859,11.437285384025532,7.720462110121129,13.115113792413295,6.793438001347123,1.3859724341028585,1.856279081273436,3.438932093677145,1.946969883162309,6.515382736824894,0.0,382.00852587887647
0.01,-1340.64841,-74.01551500000001,-3356.6663,-881.9855130000001,0.0,2009.0,1.0,0.0,0.0,1.0,0.0
6.0,-73.992065,40.734795,-73.991407,40.733825,1.0,2010.0,3.0,1.0,9.0,1.0,1.2153716925019376
8.5,-73.98182299999999,40.752592,-73.98009300000001,40.753042,1.0,2012.0,6.0,3.0,14.0,1.0,2.121108721451204
12.5,-73.967155,40.767158,-73.96365899999999,40.768001,2.0,2013.0,9.0,5.0,19.0,1.0,3.875211259513724
499.0,57.418457,1644.421482,1153.5726029999998,872.6976279999999,208.0,2015.0,12.0,6.0,23.0,1.0,16409.239135313168
